-- phpMyAdmin SQL Dump
-- version 4.7.7
-- https://www.phpmyadmin.net/
--
-- Host: localhost
-- Generation Time: Nov 17, 2021 at 10:21 AM
-- Server version: 5.7.35-0ubuntu0.18.04.1
-- PHP Version: 5.6.40-54+ubuntu18.04.1+deb.sury.org+1

SET SQL_MODE = "NO_AUTO_VALUE_ON_ZERO";
SET AUTOCOMMIT = 0;
START TRANSACTION;
SET time_zone = "+00:00";


/*!40101 SET @OLD_CHARACTER_SET_CLIENT=@@CHARACTER_SET_CLIENT */;
/*!40101 SET @OLD_CHARACTER_SET_RESULTS=@@CHARACTER_SET_RESULTS */;
/*!40101 SET @OLD_COLLATION_CONNECTION=@@COLLATION_CONNECTION */;
/*!40101 SET NAMES utf8mb4 */;

--
-- Database: `korupsi`
--

-- --------------------------------------------------------

--
-- Table structure for table `hasil`
--

CREATE TABLE `hasil` (
  `idSession` varchar(255) NOT NULL,
  `nilaiPertanyaan` varchar(255) NOT NULL,
  `dateCreate` date NOT NULL,
  `idResponden` varchar(255) NOT NULL,
  `idPertanyaan` int(11) DEFAULT NULL
) ENGINE=InnoDB DEFAULT CHARSET=utf8mb4;

--
-- Dumping data for table `hasil`
--

INSERT INTO `hasil` (`idSession`, `nilaiPertanyaan`, `dateCreate`, `idResponden`, `idPertanyaan`) VALUES
('sesi6075265170892', '3', '2021-04-13', 'resp60752651708d6', 1),
('sesi6075265170892', '3', '2021-04-13', 'resp60752651708d6', 2),
('sesi6075265170892', '4', '2021-04-13', 'resp60752651708d6', 3),
('sesi6075265170892', '3', '2021-04-13', 'resp60752651708d6', 4),
('sesi6075265170892', '3', '2021-04-13', 'resp60752651708d6', 5),
('sesi6075265170892', '3', '2021-04-13', 'resp60752651708d6', 6),
('sesi6075265170892', '2', '2021-04-13', 'resp60752651708d6', 7),
('sesi6075265170892', '3', '2021-04-13', 'resp60752651708d6', 8),
('sesi6075265170892', '3', '2021-04-13', 'resp60752651708d6', 9),
('sesi6075265345aec', '3', '2021-04-13', 'resp6075265345b2f', 1),
('sesi6075265345aec', '3', '2021-04-13', 'resp6075265345b2f', 2),
('sesi6075265345aec', '3', '2021-04-13', 'resp6075265345b2f', 3),
('sesi6075265345aec', '3', '2021-04-13', 'resp6075265345b2f', 4),
('sesi6075265345aec', '3', '2021-04-13', 'resp6075265345b2f', 5),
('sesi6075265345aec', '3', '2021-04-13', 'resp6075265345b2f', 6),
('sesi6075265345aec', '3', '2021-04-13', 'resp6075265345b2f', 7),
('sesi6075265345aec', '3', '2021-04-13', 'resp6075265345b2f', 8),
('sesi6075265345aec', '3', '2021-04-13', 'resp6075265345b2f', 9),
('sesi607526ea772a2', '3', '2021-04-13', 'resp607526ea772e7', 1),
('sesi607526ea772a2', '1', '2021-04-13', 'resp607526ea772e7', 2),
('sesi607526ea772a2', '3', '2021-04-13', 'resp607526ea772e7', 3),
('sesi607526ea772a2', '3', '2021-04-13', 'resp607526ea772e7', 4),
('sesi607526ea772a2', '3', '2021-04-13', 'resp607526ea772e7', 5),
('sesi607526ea772a2', '3', '2021-04-13', 'resp607526ea772e7', 6),
('sesi607526ea772a2', '3', '2021-04-13', 'resp607526ea772e7', 7),
('sesi607526ea772a2', '3', '2021-04-13', 'resp607526ea772e7', 8),
('sesi607526ea772a2', '3', '2021-04-13', 'resp607526ea772e7', 9),
('sesi607527834253b', '4', '2021-04-13', 'resp6075278342582', 1),
('sesi607527834253b', '4', '2021-04-13', 'resp6075278342582', 2),
('sesi607527834253b', '4', '2021-04-13', 'resp6075278342582', 3),
('sesi607527834253b', '4', '2021-04-13', 'resp6075278342582', 4),
('sesi607527834253b', '4', '2021-04-13', 'resp6075278342582', 5),
('sesi607527834253b', '4', '2021-04-13', 'resp6075278342582', 6),
('sesi607527834253b', '4', '2021-04-13', 'resp6075278342582', 7),
('sesi607527834253b', '4', '2021-04-13', 'resp6075278342582', 8),
('sesi607527834253b', '4', '2021-04-13', 'resp6075278342582', 9),
('sesi607528e61ccfe', '4', '2021-04-13', 'resp607528e61cd38', 1),
('sesi607528e61ccfe', '3', '2021-04-13', 'resp607528e61cd38', 2),
('sesi607528e61ccfe', '3', '2021-04-13', 'resp607528e61cd38', 3),
('sesi607528e61ccfe', '3', '2021-04-13', 'resp607528e61cd38', 4),
('sesi607528e61ccfe', '4', '2021-04-13', 'resp607528e61cd38', 5),
('sesi607528e61ccfe', '4', '2021-04-13', 'resp607528e61cd38', 6),
('sesi607528e61ccfe', '4', '2021-04-13', 'resp607528e61cd38', 7),
('sesi607528e61ccfe', '4', '2021-04-13', 'resp607528e61cd38', 8),
('sesi607528e61ccfe', '4', '2021-04-13', 'resp607528e61cd38', 9),
('sesi60753531cfa58', '3', '2021-04-13', 'resp60753531cfa9e', 1),
('sesi60753531cfa58', '3', '2021-04-13', 'resp60753531cfa9e', 2),
('sesi60753531cfa58', '3', '2021-04-13', 'resp60753531cfa9e', 3),
('sesi60753531cfa58', '3', '2021-04-13', 'resp60753531cfa9e', 4),
('sesi60753531cfa58', '3', '2021-04-13', 'resp60753531cfa9e', 5),
('sesi60753531cfa58', '3', '2021-04-13', 'resp60753531cfa9e', 6),
('sesi60753531cfa58', '3', '2021-04-13', 'resp60753531cfa9e', 7),
('sesi60753531cfa58', '3', '2021-04-13', 'resp60753531cfa9e', 8),
('sesi60753531cfa58', '3', '2021-04-13', 'resp60753531cfa9e', 9),
('sesi607537a2ddd56', '4', '2021-04-13', 'resp607537a2ddd8f', 1),
('sesi607537a2ddd56', '4', '2021-04-13', 'resp607537a2ddd8f', 2),
('sesi607537a2ddd56', '4', '2021-04-13', 'resp607537a2ddd8f', 3),
('sesi607537a2ddd56', '4', '2021-04-13', 'resp607537a2ddd8f', 4),
('sesi607537a2ddd56', '4', '2021-04-13', 'resp607537a2ddd8f', 5),
('sesi607537a2ddd56', '4', '2021-04-13', 'resp607537a2ddd8f', 6),
('sesi607537a2ddd56', '3', '2021-04-13', 'resp607537a2ddd8f', 7),
('sesi607537a2ddd56', '4', '2021-04-13', 'resp607537a2ddd8f', 8),
('sesi607537a2ddd56', '4', '2021-04-13', 'resp607537a2ddd8f', 9),
('sesi607538a8501b1', '4', '2021-04-13', 'resp607538a8501f7', 1),
('sesi607538a8501b1', '4', '2021-04-13', 'resp607538a8501f7', 2),
('sesi607538a8501b1', '4', '2021-04-13', 'resp607538a8501f7', 3),
('sesi607538a8501b1', '4', '2021-04-13', 'resp607538a8501f7', 4),
('sesi607538a8501b1', '4', '2021-04-13', 'resp607538a8501f7', 5),
('sesi607538a8501b1', '4', '2021-04-13', 'resp607538a8501f7', 6),
('sesi607538a8501b1', '3', '2021-04-13', 'resp607538a8501f7', 7),
('sesi607538a8501b1', '4', '2021-04-13', 'resp607538a8501f7', 8),
('sesi607538a8501b1', '4', '2021-04-13', 'resp607538a8501f7', 9),
('sesi60753a3603688', '4', '2021-04-13', 'resp60753a36036cb', 1),
('sesi60753a3603688', '4', '2021-04-13', 'resp60753a36036cb', 2),
('sesi60753a3603688', '4', '2021-04-13', 'resp60753a36036cb', 3),
('sesi60753a3603688', '4', '2021-04-13', 'resp60753a36036cb', 4),
('sesi60753a3603688', '4', '2021-04-13', 'resp60753a36036cb', 5),
('sesi60753a3603688', '4', '2021-04-13', 'resp60753a36036cb', 6),
('sesi60753a3603688', '4', '2021-04-13', 'resp60753a36036cb', 7),
('sesi60753a3603688', '4', '2021-04-13', 'resp60753a36036cb', 8),
('sesi60753a3603688', '4', '2021-04-13', 'resp60753a36036cb', 9),
('sesi60753a60b7345', '3', '2021-04-13', 'resp60753a60b738a', 1),
('sesi60753a60b7345', '4', '2021-04-13', 'resp60753a60b738a', 2),
('sesi60753a60b7345', '3', '2021-04-13', 'resp60753a60b738a', 3),
('sesi60753a60b7345', '4', '2021-04-13', 'resp60753a60b738a', 4),
('sesi60753a60b7345', '4', '2021-04-13', 'resp60753a60b738a', 5),
('sesi60753a60b7345', '3', '2021-04-13', 'resp60753a60b738a', 6),
('sesi60753a60b7345', '3', '2021-04-13', 'resp60753a60b738a', 7),
('sesi60753a60b7345', '3', '2021-04-13', 'resp60753a60b738a', 8),
('sesi60753a60b7345', '4', '2021-04-13', 'resp60753a60b738a', 9),
('sesi60753ba923f35', '3', '2021-04-13', 'resp60753ba923f7a', 1),
('sesi60753ba923f35', '4', '2021-04-13', 'resp60753ba923f7a', 2),
('sesi60753ba923f35', '4', '2021-04-13', 'resp60753ba923f7a', 3),
('sesi60753ba923f35', '4', '2021-04-13', 'resp60753ba923f7a', 4),
('sesi60753ba923f35', '4', '2021-04-13', 'resp60753ba923f7a', 5),
('sesi60753ba923f35', '4', '2021-04-13', 'resp60753ba923f7a', 6),
('sesi60753ba923f35', '4', '2021-04-13', 'resp60753ba923f7a', 7),
('sesi60753ba923f35', '4', '2021-04-13', 'resp60753ba923f7a', 8),
('sesi60753ba923f35', '4', '2021-04-13', 'resp60753ba923f7a', 9),
('sesi60754b5dd1f7f', '3', '2021-04-13', 'resp60754b5dd1fc1', 1),
('sesi60754b5dd1f7f', '3', '2021-04-13', 'resp60754b5dd1fc1', 2),
('sesi60754b5dd1f7f', '3', '2021-04-13', 'resp60754b5dd1fc1', 3),
('sesi60754b5dd1f7f', '4', '2021-04-13', 'resp60754b5dd1fc1', 4),
('sesi60754b5dd1f7f', '4', '2021-04-13', 'resp60754b5dd1fc1', 5),
('sesi60754b5dd1f7f', '4', '2021-04-13', 'resp60754b5dd1fc1', 6),
('sesi60754b5dd1f7f', '3', '2021-04-13', 'resp60754b5dd1fc1', 7),
('sesi60754b5dd1f7f', '3', '2021-04-13', 'resp60754b5dd1fc1', 8),
('sesi60754b5dd1f7f', '3', '2021-04-13', 'resp60754b5dd1fc1', 9),
('sesi60754c875f3e2', '2', '2021-04-13', 'resp60754c875f425', 1),
('sesi60754c875f3e2', '2', '2021-04-13', 'resp60754c875f425', 2),
('sesi60754c875f3e2', '4', '2021-04-13', 'resp60754c875f425', 3),
('sesi60754c875f3e2', '4', '2021-04-13', 'resp60754c875f425', 4),
('sesi60754c875f3e2', '4', '2021-04-13', 'resp60754c875f425', 5),
('sesi60754c875f3e2', '2', '2021-04-13', 'resp60754c875f425', 6),
('sesi60754c875f3e2', '2', '2021-04-13', 'resp60754c875f425', 7),
('sesi60754c875f3e2', '4', '2021-04-13', 'resp60754c875f425', 8),
('sesi60754c875f3e2', '4', '2021-04-13', 'resp60754c875f425', 9),
('sesi60755145655a3', '3', '2021-04-13', 'resp60755145655e6', 1),
('sesi60755145655a3', '4', '2021-04-13', 'resp60755145655e6', 2),
('sesi60755145655a3', '4', '2021-04-13', 'resp60755145655e6', 3),
('sesi60755145655a3', '4', '2021-04-13', 'resp60755145655e6', 4),
('sesi60755145655a3', '4', '2021-04-13', 'resp60755145655e6', 5),
('sesi60755145655a3', '4', '2021-04-13', 'resp60755145655e6', 6),
('sesi60755145655a3', '4', '2021-04-13', 'resp60755145655e6', 7),
('sesi60755145655a3', '4', '2021-04-13', 'resp60755145655e6', 8),
('sesi60755145655a3', '4', '2021-04-13', 'resp60755145655e6', 9),
('sesi6076464ac534c', '3', '2021-04-14', 'resp6076464ac5391', 1),
('sesi6076464ac534c', '3', '2021-04-14', 'resp6076464ac5391', 2),
('sesi6076464ac534c', '3', '2021-04-14', 'resp6076464ac5391', 3),
('sesi6076464ac534c', '4', '2021-04-14', 'resp6076464ac5391', 4),
('sesi6076464ac534c', '3', '2021-04-14', 'resp6076464ac5391', 5),
('sesi6076464ac534c', '3', '2021-04-14', 'resp6076464ac5391', 6),
('sesi6076464ac534c', '3', '2021-04-14', 'resp6076464ac5391', 7),
('sesi6076464ac534c', '4', '2021-04-14', 'resp6076464ac5391', 8),
('sesi6076464ac534c', '3', '2021-04-14', 'resp6076464ac5391', 9),
('sesi60764e1cd2682', '3', '2021-04-14', 'resp60764e1cd26c6', 1),
('sesi60764e1cd2682', '3', '2021-04-14', 'resp60764e1cd26c6', 2),
('sesi60764e1cd2682', '3', '2021-04-14', 'resp60764e1cd26c6', 3),
('sesi60764e1cd2682', '3', '2021-04-14', 'resp60764e1cd26c6', 4),
('sesi60764e1cd2682', '3', '2021-04-14', 'resp60764e1cd26c6', 5),
('sesi60764e1cd2682', '3', '2021-04-14', 'resp60764e1cd26c6', 6),
('sesi60764e1cd2682', '3', '2021-04-14', 'resp60764e1cd26c6', 7),
('sesi60764e1cd2682', '3', '2021-04-14', 'resp60764e1cd26c6', 8),
('sesi60764e1cd2682', '3', '2021-04-14', 'resp60764e1cd26c6', 9),
('sesi60764e1ed8e29', '3', '2021-04-14', 'resp60764e1ed8e6e', 1),
('sesi60764e1ed8e29', '3', '2021-04-14', 'resp60764e1ed8e6e', 2),
('sesi60764e1ed8e29', '3', '2021-04-14', 'resp60764e1ed8e6e', 3),
('sesi60764e1ed8e29', '3', '2021-04-14', 'resp60764e1ed8e6e', 4),
('sesi60764e1ed8e29', '3', '2021-04-14', 'resp60764e1ed8e6e', 5),
('sesi60764e1ed8e29', '3', '2021-04-14', 'resp60764e1ed8e6e', 6),
('sesi60764e1ed8e29', '3', '2021-04-14', 'resp60764e1ed8e6e', 7),
('sesi60764e1ed8e29', '3', '2021-04-14', 'resp60764e1ed8e6e', 8),
('sesi60764e1ed8e29', '3', '2021-04-14', 'resp60764e1ed8e6e', 9),
('sesi6076542a13eb5', '3', '2021-04-14', 'resp6076542a13ef8', 1),
('sesi6076542a13eb5', '3', '2021-04-14', 'resp6076542a13ef8', 2),
('sesi6076542a13eb5', '3', '2021-04-14', 'resp6076542a13ef8', 3),
('sesi6076542a13eb5', '3', '2021-04-14', 'resp6076542a13ef8', 4),
('sesi6076542a13eb5', '3', '2021-04-14', 'resp6076542a13ef8', 5),
('sesi6076542a13eb5', '3', '2021-04-14', 'resp6076542a13ef8', 6),
('sesi6076542a13eb5', '3', '2021-04-14', 'resp6076542a13ef8', 7),
('sesi6076542a13eb5', '3', '2021-04-14', 'resp6076542a13ef8', 8),
('sesi6076542a13eb5', '3', '2021-04-14', 'resp6076542a13ef8', 9),
('sesi60767ac40f99f', '3', '2021-04-14', 'resp60767ac40f9e4', 1),
('sesi60767ac40f99f', '3', '2021-04-14', 'resp60767ac40f9e4', 2),
('sesi60767ac40f99f', '3', '2021-04-14', 'resp60767ac40f9e4', 3),
('sesi60767ac40f99f', '3', '2021-04-14', 'resp60767ac40f9e4', 4),
('sesi60767ac40f99f', '3', '2021-04-14', 'resp60767ac40f9e4', 5),
('sesi60767ac40f99f', '3', '2021-04-14', 'resp60767ac40f9e4', 6),
('sesi60767ac40f99f', '3', '2021-04-14', 'resp60767ac40f9e4', 7),
('sesi60767ac40f99f', '3', '2021-04-14', 'resp60767ac40f9e4', 8),
('sesi60767ac40f99f', '3', '2021-04-14', 'resp60767ac40f9e4', 9),
('sesi6076a1e87f682', '2', '2021-04-14', 'resp6076a1e87f6c6', 1),
('sesi6076a1e87f682', '3', '2021-04-14', 'resp6076a1e87f6c6', 2),
('sesi6076a1e87f682', '4', '2021-04-14', 'resp6076a1e87f6c6', 3),
('sesi6076a1e87f682', '4', '2021-04-14', 'resp6076a1e87f6c6', 4),
('sesi6076a1e87f682', '3', '2021-04-14', 'resp6076a1e87f6c6', 5),
('sesi6076a1e87f682', '3', '2021-04-14', 'resp6076a1e87f6c6', 6),
('sesi6076a1e87f682', '2', '2021-04-14', 'resp6076a1e87f6c6', 7),
('sesi6076a1e87f682', '3', '2021-04-14', 'resp6076a1e87f6c6', 8),
('sesi6076a1e87f682', '4', '2021-04-14', 'resp6076a1e87f6c6', 9),
('sesi6076a35619864', '3', '2021-04-14', 'resp6076a3561989d', 1),
('sesi6076a35619864', '4', '2021-04-14', 'resp6076a3561989d', 2),
('sesi6076a35619864', '4', '2021-04-14', 'resp6076a3561989d', 3),
('sesi6076a35619864', '4', '2021-04-14', 'resp6076a3561989d', 4),
('sesi6076a35619864', '4', '2021-04-14', 'resp6076a3561989d', 5),
('sesi6076a35619864', '4', '2021-04-14', 'resp6076a3561989d', 6),
('sesi6076a35619864', '3', '2021-04-14', 'resp6076a3561989d', 7),
('sesi6076a35619864', '4', '2021-04-14', 'resp6076a3561989d', 8),
('sesi6076a35619864', '4', '2021-04-14', 'resp6076a3561989d', 9),
('sesi6076b386d1579', '4', '2021-04-14', 'resp6076b386d15bd', 1),
('sesi6076b386d1579', '4', '2021-04-14', 'resp6076b386d15bd', 2),
('sesi6076b386d1579', '4', '2021-04-14', 'resp6076b386d15bd', 3),
('sesi6076b386d1579', '4', '2021-04-14', 'resp6076b386d15bd', 4),
('sesi6076b386d1579', '4', '2021-04-14', 'resp6076b386d15bd', 5),
('sesi6076b386d1579', '4', '2021-04-14', 'resp6076b386d15bd', 6),
('sesi6076b386d1579', '4', '2021-04-14', 'resp6076b386d15bd', 7),
('sesi6076b386d1579', '4', '2021-04-14', 'resp6076b386d15bd', 8),
('sesi6076b386d1579', '4', '2021-04-14', 'resp6076b386d15bd', 9),
('sesi6077a2d664a73', '3', '2021-04-15', 'resp6077a2d664ab7', 1),
('sesi6077a2d664a73', '3', '2021-04-15', 'resp6077a2d664ab7', 2),
('sesi6077a2d664a73', '3', '2021-04-15', 'resp6077a2d664ab7', 3),
('sesi6077a2d664a73', '3', '2021-04-15', 'resp6077a2d664ab7', 4),
('sesi6077a2d664a73', '3', '2021-04-15', 'resp6077a2d664ab7', 5),
('sesi6077a2d664a73', '3', '2021-04-15', 'resp6077a2d664ab7', 6),
('sesi6077a2d664a73', '3', '2021-04-15', 'resp6077a2d664ab7', 7),
('sesi6077a2d664a73', '3', '2021-04-15', 'resp6077a2d664ab7', 8),
('sesi6077a2d664a73', '3', '2021-04-15', 'resp6077a2d664ab7', 9),
('sesi6077b98ba4849', '3', '2021-04-15', 'resp6077b98ba488d', 1),
('sesi6077b98ba4849', '3', '2021-04-15', 'resp6077b98ba488d', 2),
('sesi6077b98ba4849', '3', '2021-04-15', 'resp6077b98ba488d', 3),
('sesi6077b98ba4849', '3', '2021-04-15', 'resp6077b98ba488d', 4),
('sesi6077b98ba4849', '3', '2021-04-15', 'resp6077b98ba488d', 5),
('sesi6077b98ba4849', '4', '2021-04-15', 'resp6077b98ba488d', 6),
('sesi6077b98ba4849', '3', '2021-04-15', 'resp6077b98ba488d', 7),
('sesi6077b98ba4849', '3', '2021-04-15', 'resp6077b98ba488d', 8),
('sesi6077b98ba4849', '4', '2021-04-15', 'resp6077b98ba488d', 9),
('sesi60792bf75c98a', '4', '2021-04-16', 'resp60792bf75c9cf', 1),
('sesi60792bf75c98a', '4', '2021-04-16', 'resp60792bf75c9cf', 2),
('sesi60792bf75c98a', '4', '2021-04-16', 'resp60792bf75c9cf', 3),
('sesi60792bf75c98a', '4', '2021-04-16', 'resp60792bf75c9cf', 4),
('sesi60792bf75c98a', '4', '2021-04-16', 'resp60792bf75c9cf', 5),
('sesi60792bf75c98a', '4', '2021-04-16', 'resp60792bf75c9cf', 6),
('sesi60792bf75c98a', '4', '2021-04-16', 'resp60792bf75c9cf', 7),
('sesi60792bf75c98a', '4', '2021-04-16', 'resp60792bf75c9cf', 8),
('sesi60792bf75c98a', '4', '2021-04-16', 'resp60792bf75c9cf', 9),
('sesi607a475de55f9', '3', '2021-04-17', 'resp607a475de563e', 1),
('sesi607a475de55f9', '3', '2021-04-17', 'resp607a475de563e', 2),
('sesi607a475de55f9', '3', '2021-04-17', 'resp607a475de563e', 3),
('sesi607a475de55f9', '3', '2021-04-17', 'resp607a475de563e', 4),
('sesi607a475de55f9', '4', '2021-04-17', 'resp607a475de563e', 5),
('sesi607a475de55f9', '3', '2021-04-17', 'resp607a475de563e', 6),
('sesi607a475de55f9', '3', '2021-04-17', 'resp607a475de563e', 7),
('sesi607a475de55f9', '3', '2021-04-17', 'resp607a475de563e', 8),
('sesi607a475de55f9', '3', '2021-04-17', 'resp607a475de563e', 9),
('sesi607cf04d149e6', '3', '2021-04-19', 'resp607cf04d14a2b', 1),
('sesi607cf04d149e6', '3', '2021-04-19', 'resp607cf04d14a2b', 2),
('sesi607cf04d149e6', '3', '2021-04-19', 'resp607cf04d14a2b', 3),
('sesi607cf04d149e6', '3', '2021-04-19', 'resp607cf04d14a2b', 4),
('sesi607cf04d149e6', '3', '2021-04-19', 'resp607cf04d14a2b', 5),
('sesi607cf04d149e6', '3', '2021-04-19', 'resp607cf04d14a2b', 6),
('sesi607cf04d149e6', '3', '2021-04-19', 'resp607cf04d14a2b', 7),
('sesi607cf04d149e6', '3', '2021-04-19', 'resp607cf04d14a2b', 8),
('sesi607cf04d149e6', '3', '2021-04-19', 'resp607cf04d14a2b', 9),
('sesi607d56b90f8f6', '4', '2021-04-19', 'resp607d56b90f93c', 1),
('sesi607d56b90f8f6', '4', '2021-04-19', 'resp607d56b90f93c', 2),
('sesi607d56b90f8f6', '3', '2021-04-19', 'resp607d56b90f93c', 3),
('sesi607d56b90f8f6', '3', '2021-04-19', 'resp607d56b90f93c', 4),
('sesi607d56b90f8f6', '4', '2021-04-19', 'resp607d56b90f93c', 5),
('sesi607d56b90f8f6', '4', '2021-04-19', 'resp607d56b90f93c', 6),
('sesi607d56b90f8f6', '4', '2021-04-19', 'resp607d56b90f93c', 7),
('sesi607d56b90f8f6', '4', '2021-04-19', 'resp607d56b90f93c', 8),
('sesi607d56b90f8f6', '4', '2021-04-19', 'resp607d56b90f93c', 9),
('sesi607dbee6841f7', '3', '2021-04-19', 'resp607dbee68423c', 1),
('sesi607dbee6841f7', '4', '2021-04-19', 'resp607dbee68423c', 2),
('sesi607dbee6841f7', '4', '2021-04-19', 'resp607dbee68423c', 3),
('sesi607dbee6841f7', '4', '2021-04-19', 'resp607dbee68423c', 4),
('sesi607dbee6841f7', '4', '2021-04-19', 'resp607dbee68423c', 5),
('sesi607dbee6841f7', '3', '2021-04-19', 'resp607dbee68423c', 6),
('sesi607dbee6841f7', '3', '2021-04-19', 'resp607dbee68423c', 7),
('sesi607dbee6841f7', '4', '2021-04-19', 'resp607dbee68423c', 8),
('sesi607dbee6841f7', '3', '2021-04-19', 'resp607dbee68423c', 9),
('sesi607e82a16455e', '3', '2021-04-20', 'resp607e82a1645a1', 1),
('sesi607e82a16455e', '3', '2021-04-20', 'resp607e82a1645a1', 2),
('sesi607e82a16455e', '4', '2021-04-20', 'resp607e82a1645a1', 3),
('sesi607e82a16455e', '4', '2021-04-20', 'resp607e82a1645a1', 4),
('sesi607e82a16455e', '4', '2021-04-20', 'resp607e82a1645a1', 5),
('sesi607e82a16455e', '4', '2021-04-20', 'resp607e82a1645a1', 6),
('sesi607e82a16455e', '4', '2021-04-20', 'resp607e82a1645a1', 7),
('sesi607e82a16455e', '4', '2021-04-20', 'resp607e82a1645a1', 8),
('sesi607e82a16455e', '4', '2021-04-20', 'resp607e82a1645a1', 9),
('sesi6080cb6f1f3ef', '3', '2021-04-22', 'resp6080cb6f1f433', 1),
('sesi6080cb6f1f3ef', '4', '2021-04-22', 'resp6080cb6f1f433', 2),
('sesi6080cb6f1f3ef', '4', '2021-04-22', 'resp6080cb6f1f433', 3),
('sesi6080cb6f1f3ef', '4', '2021-04-22', 'resp6080cb6f1f433', 4),
('sesi6080cb6f1f3ef', '4', '2021-04-22', 'resp6080cb6f1f433', 5),
('sesi6080cb6f1f3ef', '4', '2021-04-22', 'resp6080cb6f1f433', 6),
('sesi6080cb6f1f3ef', '4', '2021-04-22', 'resp6080cb6f1f433', 7),
('sesi6080cb6f1f3ef', '4', '2021-04-22', 'resp6080cb6f1f433', 8),
('sesi6080cb6f1f3ef', '3', '2021-04-22', 'resp6080cb6f1f433', 9),
('sesi6090415cf2fc4', '4', '2021-05-03', 'resp6090415cf3008', 1),
('sesi6090415cf2fc4', '4', '2021-05-03', 'resp6090415cf3008', 2),
('sesi6090415cf2fc4', '4', '2021-05-03', 'resp6090415cf3008', 3),
('sesi6090415cf2fc4', '4', '2021-05-03', 'resp6090415cf3008', 4),
('sesi6090415cf2fc4', '4', '2021-05-03', 'resp6090415cf3008', 5),
('sesi6090415cf2fc4', '4', '2021-05-03', 'resp6090415cf3008', 6),
('sesi6090415cf2fc4', '4', '2021-05-03', 'resp6090415cf3008', 7),
('sesi6090415cf2fc4', '4', '2021-05-03', 'resp6090415cf3008', 8),
('sesi6090415cf2fc4', '4', '2021-05-03', 'resp6090415cf3008', 9),
('sesi609041644274c', '4', '2021-05-03', 'resp6090416442791', 1),
('sesi609041644274c', '4', '2021-05-03', 'resp6090416442791', 2),
('sesi609041644274c', '4', '2021-05-03', 'resp6090416442791', 3),
('sesi609041644274c', '4', '2021-05-03', 'resp6090416442791', 4),
('sesi609041644274c', '4', '2021-05-03', 'resp6090416442791', 5),
('sesi609041644274c', '4', '2021-05-03', 'resp6090416442791', 6),
('sesi609041644274c', '4', '2021-05-03', 'resp6090416442791', 7),
('sesi609041644274c', '4', '2021-05-03', 'resp6090416442791', 8),
('sesi609041644274c', '4', '2021-05-03', 'resp6090416442791', 9),
('sesi60904164d3eea', '4', '2021-05-03', 'resp60904164d3f2d', 1),
('sesi60904164d3eea', '4', '2021-05-03', 'resp60904164d3f2d', 2),
('sesi60904164d3eea', '4', '2021-05-03', 'resp60904164d3f2d', 3),
('sesi60904164d3eea', '4', '2021-05-03', 'resp60904164d3f2d', 4),
('sesi60904164d3eea', '4', '2021-05-03', 'resp60904164d3f2d', 5),
('sesi60904164d3eea', '4', '2021-05-03', 'resp60904164d3f2d', 6),
('sesi60904164d3eea', '4', '2021-05-03', 'resp60904164d3f2d', 7),
('sesi60904164d3eea', '4', '2021-05-03', 'resp60904164d3f2d', 8),
('sesi60904164d3eea', '4', '2021-05-03', 'resp60904164d3f2d', 9),
('sesi609041653176b', '4', '2021-05-03', 'resp60904165317af', 1),
('sesi609041653176b', '4', '2021-05-03', 'resp60904165317af', 2),
('sesi609041653176b', '4', '2021-05-03', 'resp60904165317af', 3),
('sesi609041653176b', '4', '2021-05-03', 'resp60904165317af', 4),
('sesi609041653176b', '4', '2021-05-03', 'resp60904165317af', 5),
('sesi609041653176b', '4', '2021-05-03', 'resp60904165317af', 6),
('sesi609041653176b', '4', '2021-05-03', 'resp60904165317af', 7),
('sesi609041653176b', '4', '2021-05-03', 'resp60904165317af', 8),
('sesi609041653176b', '4', '2021-05-03', 'resp60904165317af', 9),
('sesi60a1d7939882d', '3', '2021-05-17', 'resp60a1d7939886f', 1),
('sesi60a1d7939882d', '3', '2021-05-17', 'resp60a1d7939886f', 2),
('sesi60a1d7939882d', '4', '2021-05-17', 'resp60a1d7939886f', 3),
('sesi60a1d7939882d', '3', '2021-05-17', 'resp60a1d7939886f', 4),
('sesi60a1d7939882d', '4', '2021-05-17', 'resp60a1d7939886f', 5),
('sesi60a1d7939882d', '4', '2021-05-17', 'resp60a1d7939886f', 6),
('sesi60a1d7939882d', '4', '2021-05-17', 'resp60a1d7939886f', 7),
('sesi60a1d7939882d', '3', '2021-05-17', 'resp60a1d7939886f', 8),
('sesi60a1d7939882d', '3', '2021-05-17', 'resp60a1d7939886f', 9),
('sesi60a7367c5a0de', '3', '2021-05-21', 'resp60a7367c5a115', 1),
('sesi60a7367c5a0de', '3', '2021-05-21', 'resp60a7367c5a115', 2),
('sesi60a7367c5a0de', '3', '2021-05-21', 'resp60a7367c5a115', 3),
('sesi60a7367c5a0de', '3', '2021-05-21', 'resp60a7367c5a115', 4),
('sesi60a7367c5a0de', '3', '2021-05-21', 'resp60a7367c5a115', 5),
('sesi60a7367c5a0de', '3', '2021-05-21', 'resp60a7367c5a115', 6),
('sesi60a7367c5a0de', '3', '2021-05-21', 'resp60a7367c5a115', 7),
('sesi60a7367c5a0de', '3', '2021-05-21', 'resp60a7367c5a115', 8),
('sesi60a7367c5a0de', '3', '2021-05-21', 'resp60a7367c5a115', 9),
('sesi60d04c943aa3e', '3', '2021-06-21', 'resp60d04c943aa82', 1),
('sesi60d04c943aa3e', '3', '2021-06-21', 'resp60d04c943aa82', 2),
('sesi60d04c943aa3e', '3', '2021-06-21', 'resp60d04c943aa82', 3),
('sesi60d04c943aa3e', '4', '2021-06-21', 'resp60d04c943aa82', 4),
('sesi60d04c943aa3e', '4', '2021-06-21', 'resp60d04c943aa82', 5),
('sesi60d04c943aa3e', '4', '2021-06-21', 'resp60d04c943aa82', 6),
('sesi60d04c943aa3e', '4', '2021-06-21', 'resp60d04c943aa82', 7),
('sesi60d04c943aa3e', '3', '2021-06-21', 'resp60d04c943aa82', 8),
('sesi60d04c943aa3e', '4', '2021-06-21', 'resp60d04c943aa82', 9),
('sesi60d04e996dab9', '3', '2021-06-21', 'resp60d04e996dafc', 1),
('sesi60d04e996dab9', '3', '2021-06-21', 'resp60d04e996dafc', 2),
('sesi60d04e996dab9', '3', '2021-06-21', 'resp60d04e996dafc', 3),
('sesi60d04e996dab9', '3', '2021-06-21', 'resp60d04e996dafc', 4),
('sesi60d04e996dab9', '3', '2021-06-21', 'resp60d04e996dafc', 5),
('sesi60d04e996dab9', '4', '2021-06-21', 'resp60d04e996dafc', 6),
('sesi60d04e996dab9', '3', '2021-06-21', 'resp60d04e996dafc', 7),
('sesi60d04e996dab9', '3', '2021-06-21', 'resp60d04e996dafc', 8),
('sesi60d04e996dab9', '4', '2021-06-21', 'resp60d04e996dafc', 9),
('sesi60d04f3ac3ef1', '3', '2021-06-21', 'resp60d04f3ac3f35', 1),
('sesi60d04f3ac3ef1', '3', '2021-06-21', 'resp60d04f3ac3f35', 2),
('sesi60d04f3ac3ef1', '3', '2021-06-21', 'resp60d04f3ac3f35', 3),
('sesi60d04f3ac3ef1', '3', '2021-06-21', 'resp60d04f3ac3f35', 4),
('sesi60d04f3ac3ef1', '4', '2021-06-21', 'resp60d04f3ac3f35', 5),
('sesi60d04f3ac3ef1', '3', '2021-06-21', 'resp60d04f3ac3f35', 6),
('sesi60d04f3ac3ef1', '3', '2021-06-21', 'resp60d04f3ac3f35', 7),
('sesi60d04f3ac3ef1', '3', '2021-06-21', 'resp60d04f3ac3f35', 8),
('sesi60d04f3ac3ef1', '3', '2021-06-21', 'resp60d04f3ac3f35', 9),
('sesi60d13a424651d', '4', '2021-06-22', 'resp60d13a4246556', 1),
('sesi60d13a424651d', '4', '2021-06-22', 'resp60d13a4246556', 2),
('sesi60d13a424651d', '4', '2021-06-22', 'resp60d13a4246556', 3),
('sesi60d13a424651d', '4', '2021-06-22', 'resp60d13a4246556', 4),
('sesi60d13a424651d', '4', '2021-06-22', 'resp60d13a4246556', 5),
('sesi60d13a424651d', '4', '2021-06-22', 'resp60d13a4246556', 6),
('sesi60d13a424651d', '4', '2021-06-22', 'resp60d13a4246556', 7),
('sesi60d13a424651d', '4', '2021-06-22', 'resp60d13a4246556', 8),
('sesi60d13a424651d', '4', '2021-06-22', 'resp60d13a4246556', 9),
('sesi60d1499c07584', '4', '2021-06-22', 'resp60d1499c075c7', 1),
('sesi60d1499c07584', '4', '2021-06-22', 'resp60d1499c075c7', 2),
('sesi60d1499c07584', '4', '2021-06-22', 'resp60d1499c075c7', 3),
('sesi60d1499c07584', '4', '2021-06-22', 'resp60d1499c075c7', 4),
('sesi60d1499c07584', '4', '2021-06-22', 'resp60d1499c075c7', 5),
('sesi60d1499c07584', '4', '2021-06-22', 'resp60d1499c075c7', 6),
('sesi60d1499c07584', '4', '2021-06-22', 'resp60d1499c075c7', 7),
('sesi60d1499c07584', '4', '2021-06-22', 'resp60d1499c075c7', 8),
('sesi60d1499c07584', '4', '2021-06-22', 'resp60d1499c075c7', 9),
('sesi60d164e19741e', '3', '2021-06-22', 'resp60d164e197448', 1),
('sesi60d164e19741e', '4', '2021-06-22', 'resp60d164e197448', 2),
('sesi60d164e19741e', '3', '2021-06-22', 'resp60d164e197448', 3),
('sesi60d164e19741e', '3', '2021-06-22', 'resp60d164e197448', 4),
('sesi60d164e19741e', '3', '2021-06-22', 'resp60d164e197448', 5),
('sesi60d164e19741e', '3', '2021-06-22', 'resp60d164e197448', 6),
('sesi60d164e19741e', '3', '2021-06-22', 'resp60d164e197448', 7),
('sesi60d164e19741e', '3', '2021-06-22', 'resp60d164e197448', 8),
('sesi60d164e19741e', '3', '2021-06-22', 'resp60d164e197448', 9),
('sesi60d1a8b8c18fb', '3', '2021-06-22', 'resp60d1a8b8c1941', 1),
('sesi60d1a8b8c18fb', '3', '2021-06-22', 'resp60d1a8b8c1941', 2),
('sesi60d1a8b8c18fb', '3', '2021-06-22', 'resp60d1a8b8c1941', 3),
('sesi60d1a8b8c18fb', '3', '2021-06-22', 'resp60d1a8b8c1941', 4),
('sesi60d1a8b8c18fb', '3', '2021-06-22', 'resp60d1a8b8c1941', 5),
('sesi60d1a8b8c18fb', '3', '2021-06-22', 'resp60d1a8b8c1941', 6),
('sesi60d1a8b8c18fb', '3', '2021-06-22', 'resp60d1a8b8c1941', 7),
('sesi60d1a8b8c18fb', '3', '2021-06-22', 'resp60d1a8b8c1941', 8),
('sesi60d1a8b8c18fb', '3', '2021-06-22', 'resp60d1a8b8c1941', 9),
('sesi60d3daf98be38', '3', '2021-06-24', 'resp60d3daf98be86', 1),
('sesi60d3daf98be38', '3', '2021-06-24', 'resp60d3daf98be86', 2),
('sesi60d3daf98be38', '3', '2021-06-24', 'resp60d3daf98be86', 3),
('sesi60d3daf98be38', '3', '2021-06-24', 'resp60d3daf98be86', 4),
('sesi60d3daf98be38', '3', '2021-06-24', 'resp60d3daf98be86', 5),
('sesi60d3daf98be38', '3', '2021-06-24', 'resp60d3daf98be86', 6),
('sesi60d3daf98be38', '3', '2021-06-24', 'resp60d3daf98be86', 7),
('sesi60d3daf98be38', '3', '2021-06-24', 'resp60d3daf98be86', 8),
('sesi60d3daf98be38', '3', '2021-06-24', 'resp60d3daf98be86', 9),
('sesi60d8fbcc508b1', '4', '2021-06-27', 'resp60d8fbcc508f4', 1),
('sesi60d8fbcc508b1', '4', '2021-06-27', 'resp60d8fbcc508f4', 2),
('sesi60d8fbcc508b1', '4', '2021-06-27', 'resp60d8fbcc508f4', 3),
('sesi60d8fbcc508b1', '4', '2021-06-27', 'resp60d8fbcc508f4', 4),
('sesi60d8fbcc508b1', '4', '2021-06-27', 'resp60d8fbcc508f4', 5),
('sesi60d8fbcc508b1', '4', '2021-06-27', 'resp60d8fbcc508f4', 6),
('sesi60d8fbcc508b1', '4', '2021-06-27', 'resp60d8fbcc508f4', 7),
('sesi60d8fbcc508b1', '4', '2021-06-27', 'resp60d8fbcc508f4', 8),
('sesi60d8fbcc508b1', '4', '2021-06-27', 'resp60d8fbcc508f4', 9),
('sesi60d99d07a2c9d', '3', '2021-06-28', 'resp60d99d07a2ce2', 1),
('sesi60d99d07a2c9d', '3', '2021-06-28', 'resp60d99d07a2ce2', 2),
('sesi60d99d07a2c9d', '3', '2021-06-28', 'resp60d99d07a2ce2', 3),
('sesi60d99d07a2c9d', '3', '2021-06-28', 'resp60d99d07a2ce2', 4),
('sesi60d99d07a2c9d', '3', '2021-06-28', 'resp60d99d07a2ce2', 5),
('sesi60d99d07a2c9d', '3', '2021-06-28', 'resp60d99d07a2ce2', 6),
('sesi60d99d07a2c9d', '3', '2021-06-28', 'resp60d99d07a2ce2', 7),
('sesi60d99d07a2c9d', '3', '2021-06-28', 'resp60d99d07a2ce2', 8),
('sesi60d99d07a2c9d', '3', '2021-06-28', 'resp60d99d07a2ce2', 9),
('sesi60da8ccf340ba', '3', '2021-06-29', 'resp60da8ccf340fe', 1),
('sesi60da8ccf340ba', '3', '2021-06-29', 'resp60da8ccf340fe', 2),
('sesi60da8ccf340ba', '3', '2021-06-29', 'resp60da8ccf340fe', 3),
('sesi60da8ccf340ba', '3', '2021-06-29', 'resp60da8ccf340fe', 4),
('sesi60da8ccf340ba', '3', '2021-06-29', 'resp60da8ccf340fe', 5),
('sesi60da8ccf340ba', '4', '2021-06-29', 'resp60da8ccf340fe', 6),
('sesi60da8ccf340ba', '3', '2021-06-29', 'resp60da8ccf340fe', 7),
('sesi60da8ccf340ba', '3', '2021-06-29', 'resp60da8ccf340fe', 8),
('sesi60da8ccf340ba', '3', '2021-06-29', 'resp60da8ccf340fe', 9),
('sesi61025385eded2', '4', '2021-07-29', 'resp61025385edf15', 1),
('sesi61025385eded2', '4', '2021-07-29', 'resp61025385edf15', 2),
('sesi61025385eded2', '4', '2021-07-29', 'resp61025385edf15', 3),
('sesi61025385eded2', '4', '2021-07-29', 'resp61025385edf15', 4),
('sesi61025385eded2', '4', '2021-07-29', 'resp61025385edf15', 5),
('sesi61025385eded2', '4', '2021-07-29', 'resp61025385edf15', 6),
('sesi61025385eded2', '4', '2021-07-29', 'resp61025385edf15', 7),
('sesi61025385eded2', '4', '2021-07-29', 'resp61025385edf15', 8),
('sesi61025385eded2', '4', '2021-07-29', 'resp61025385edf15', 9),
('sesi610254298dece', '4', '2021-07-29', 'resp610254298df12', 1),
('sesi610254298dece', '4', '2021-07-29', 'resp610254298df12', 2),
('sesi610254298dece', '4', '2021-07-29', 'resp610254298df12', 3),
('sesi610254298dece', '4', '2021-07-29', 'resp610254298df12', 4),
('sesi610254298dece', '4', '2021-07-29', 'resp610254298df12', 5),
('sesi610254298dece', '4', '2021-07-29', 'resp610254298df12', 6),
('sesi610254298dece', '4', '2021-07-29', 'resp610254298df12', 7),
('sesi610254298dece', '4', '2021-07-29', 'resp610254298df12', 8),
('sesi610254298dece', '4', '2021-07-29', 'resp610254298df12', 9),
('sesi610254c0edf3a', '3', '2021-07-29', 'resp610254c0edf7e', 1),
('sesi610254c0edf3a', '3', '2021-07-29', 'resp610254c0edf7e', 2),
('sesi610254c0edf3a', '3', '2021-07-29', 'resp610254c0edf7e', 3),
('sesi610254c0edf3a', '3', '2021-07-29', 'resp610254c0edf7e', 4),
('sesi610254c0edf3a', '3', '2021-07-29', 'resp610254c0edf7e', 5),
('sesi610254c0edf3a', '3', '2021-07-29', 'resp610254c0edf7e', 6),
('sesi610254c0edf3a', '3', '2021-07-29', 'resp610254c0edf7e', 7),
('sesi610254c0edf3a', '3', '2021-07-29', 'resp610254c0edf7e', 8),
('sesi610254c0edf3a', '3', '2021-07-29', 'resp610254c0edf7e', 9),
('sesi61025814c6077', '4', '2021-07-29', 'resp61025814c60b9', 1),
('sesi61025814c6077', '4', '2021-07-29', 'resp61025814c60b9', 2),
('sesi61025814c6077', '4', '2021-07-29', 'resp61025814c60b9', 3),
('sesi61025814c6077', '4', '2021-07-29', 'resp61025814c60b9', 4),
('sesi61025814c6077', '4', '2021-07-29', 'resp61025814c60b9', 5),
('sesi61025814c6077', '4', '2021-07-29', 'resp61025814c60b9', 6),
('sesi61025814c6077', '4', '2021-07-29', 'resp61025814c60b9', 7),
('sesi61025814c6077', '4', '2021-07-29', 'resp61025814c60b9', 8),
('sesi61025814c6077', '4', '2021-07-29', 'resp61025814c60b9', 9),
('sesi6103a1d50493e', '3', '2021-07-30', 'resp6103a1d504983', 1),
('sesi6103a1d50493e', '4', '2021-07-30', 'resp6103a1d504983', 2),
('sesi6103a1d50493e', '3', '2021-07-30', 'resp6103a1d504983', 3),
('sesi6103a1d50493e', '4', '2021-07-30', 'resp6103a1d504983', 4),
('sesi6103a1d50493e', '4', '2021-07-30', 'resp6103a1d504983', 5),
('sesi6103a1d50493e', '4', '2021-07-30', 'resp6103a1d504983', 6),
('sesi6103a1d50493e', '3', '2021-07-30', 'resp6103a1d504983', 7),
('sesi6103a1d50493e', '4', '2021-07-30', 'resp6103a1d504983', 8),
('sesi6103a1d50493e', '3', '2021-07-30', 'resp6103a1d504983', 9),
('sesi6103a3b11bbe3', '3', '2021-07-30', 'resp6103a3b11bc1d', 1),
('sesi6103a3b11bbe3', '4', '2021-07-30', 'resp6103a3b11bc1d', 2),
('sesi6103a3b11bbe3', '3', '2021-07-30', 'resp6103a3b11bc1d', 3),
('sesi6103a3b11bbe3', '4', '2021-07-30', 'resp6103a3b11bc1d', 4),
('sesi6103a3b11bbe3', '4', '2021-07-30', 'resp6103a3b11bc1d', 5),
('sesi6103a3b11bbe3', '4', '2021-07-30', 'resp6103a3b11bc1d', 6),
('sesi6103a3b11bbe3', '3', '2021-07-30', 'resp6103a3b11bc1d', 7),
('sesi6103a3b11bbe3', '4', '2021-07-30', 'resp6103a3b11bc1d', 8),
('sesi6103a3b11bbe3', '3', '2021-07-30', 'resp6103a3b11bc1d', 9),
('sesi6107dd1101417', '3', '2021-08-02', 'resp6107dd110145c', 1),
('sesi6107dd1101417', '3', '2021-08-02', 'resp6107dd110145c', 2),
('sesi6107dd1101417', '3', '2021-08-02', 'resp6107dd110145c', 3),
('sesi6107dd1101417', '3', '2021-08-02', 'resp6107dd110145c', 4),
('sesi6107dd1101417', '3', '2021-08-02', 'resp6107dd110145c', 5),
('sesi6107dd1101417', '3', '2021-08-02', 'resp6107dd110145c', 6),
('sesi6107dd1101417', '3', '2021-08-02', 'resp6107dd110145c', 7),
('sesi6107dd1101417', '3', '2021-08-02', 'resp6107dd110145c', 8),
('sesi6107dd1101417', '3', '2021-08-02', 'resp6107dd110145c', 9),
('sesi610b1b0a11820', '4', '2021-08-04', 'resp610b1b0a11864', 1),
('sesi610b1b0a11820', '4', '2021-08-04', 'resp610b1b0a11864', 2),
('sesi610b1b0a11820', '4', '2021-08-04', 'resp610b1b0a11864', 3),
('sesi610b1b0a11820', '4', '2021-08-04', 'resp610b1b0a11864', 4),
('sesi610b1b0a11820', '4', '2021-08-04', 'resp610b1b0a11864', 5),
('sesi610b1b0a11820', '4', '2021-08-04', 'resp610b1b0a11864', 6),
('sesi610b1b0a11820', '4', '2021-08-04', 'resp610b1b0a11864', 7),
('sesi610b1b0a11820', '4', '2021-08-04', 'resp610b1b0a11864', 8),
('sesi610b1b0a11820', '4', '2021-08-04', 'resp610b1b0a11864', 9),
('sesi6135b3f47bf11', '3', '2021-09-06', 'resp6135b3f47bf54', 1),
('sesi6135b3f47bf11', '3', '2021-09-06', 'resp6135b3f47bf54', 2),
('sesi6135b3f47bf11', '3', '2021-09-06', 'resp6135b3f47bf54', 3),
('sesi6135b3f47bf11', '3', '2021-09-06', 'resp6135b3f47bf54', 4),
('sesi6135b3f47bf11', '3', '2021-09-06', 'resp6135b3f47bf54', 5),
('sesi6135b3f47bf11', '3', '2021-09-06', 'resp6135b3f47bf54', 6),
('sesi6135b3f47bf11', '3', '2021-09-06', 'resp6135b3f47bf54', 7),
('sesi6135b3f47bf11', '3', '2021-09-06', 'resp6135b3f47bf54', 8),
('sesi6135b3f47bf11', '3', '2021-09-06', 'resp6135b3f47bf54', 9),
('sesi614d26db0e0f5', '3', '2021-09-24', 'resp614d26db0e13a', 1),
('sesi614d26db0e0f5', '3', '2021-09-24', 'resp614d26db0e13a', 2),
('sesi614d26db0e0f5', '3', '2021-09-24', 'resp614d26db0e13a', 3),
('sesi614d26db0e0f5', '4', '2021-09-24', 'resp614d26db0e13a', 4),
('sesi614d26db0e0f5', '4', '2021-09-24', 'resp614d26db0e13a', 5),
('sesi614d26db0e0f5', '4', '2021-09-24', 'resp614d26db0e13a', 6),
('sesi614d26db0e0f5', '4', '2021-09-24', 'resp614d26db0e13a', 7),
('sesi614d26db0e0f5', '4', '2021-09-24', 'resp614d26db0e13a', 8),
('sesi614d26db0e0f5', '3', '2021-09-24', 'resp614d26db0e13a', 9);

-- --------------------------------------------------------

--
-- Table structure for table `komentar`
--

CREATE TABLE `komentar` (
  `idKomentar` varchar(255) NOT NULL,
  `isiKomentar` text NOT NULL,
  `dateCreate` date NOT NULL,
  `idSession` varchar(255) NOT NULL,
  `idResponden` varchar(255) NOT NULL,
  `idPertanyaan` varchar(255) DEFAULT NULL
) ENGINE=InnoDB DEFAULT CHARSET=utf8mb4;

--
-- Dumping data for table `komentar`
--

INSERT INTO `komentar` (`idKomentar`, `isiKomentar`, `dateCreate`, `idSession`, `idResponden`, `idPertanyaan`) VALUES
('koment60a1d793988b6', 'Tetap pertahankan kinerja yang sudah baik', '2021-05-17', 'sesi60a1d7939882d', 'resp60a1d7939886f', 'quiz60851c8c95061'),
('koment60a7367c5a14e', 'BBK sudah cukup bagus dan support perusahaan kami.\r\nThanks, \r\nEka p', '2021-05-21', 'sesi60a7367c5a0de', 'resp60a7367c5a115', 'quiz60851c8c95061'),
('koment60d04c943aac3', 'Pelayanan sangat baik sesuai prosedur', '2021-06-21', 'sesi60d04c943aa3e', 'resp60d04c943aa82', 'quiz60851c8c95061'),
('koment60d04e996db3d', 'Pelayanan yang diberikan sudah bagus dan apabila ada masalah responnya cepat.', '2021-06-21', 'sesi60d04e996dab9', 'resp60d04e996dafc', 'quiz60851c8c95061'),
('koment60d04f3ac3f73', 'Praktek korupsi di lingkungan BBK memang sudah baik, mohon dapat diikuti dengan kecepatan dalam melayani klien\r\n', '2021-06-21', 'sesi60d04f3ac3ef1', 'resp60d04f3ac3f35', 'quiz60851c8c95061'),
('koment60d13a424658d', 'Untuk tetap di pertahankan dan ditingkatkan kesadaran anti korupsi', '2021-06-22', 'sesi60d13a424651d', 'resp60d13a4246556', 'quiz60851c8c95061'),
('koment60d1499c07608', '', '2021-06-22', 'sesi60d1499c07584', 'resp60d1499c075c7', 'quiz60851c8c95061'),
('koment60d164e197488', 'Diberikan akses melihat layanan pengujian sesuai no order', '2021-06-22', 'sesi60d164e19741e', 'resp60d164e197448', 'quiz60851c8c95061'),
('koment60d1a8b8c198e', '', '2021-06-22', 'sesi60d1a8b8c18fb', 'resp60d1a8b8c1941', 'quiz60851c8c95061'),
('koment60d3daf98bed2', '', '2021-06-24', 'sesi60d3daf98be38', 'resp60d3daf98be86', 'quiz60851c8c95061'),
('koment60d8fbcc50933', '', '2021-06-27', 'sesi60d8fbcc508b1', 'resp60d8fbcc508f4', 'quiz60851c8c95061'),
('koment60d99d07a2d21', 'Semoga Sistem Pelayanan Balai Besar Keramik semakin jaya dan sukses untuk kedepannya', '2021-06-28', 'sesi60d99d07a2c9d', 'resp60d99d07a2ce2', 'quiz60851c8c95061'),
('koment60da8ccf34140', 'BBK sudah baik pelayannanya. fast respond pada saat pengurusan sertifikasi SNI, NPB dll...', '2021-06-29', 'sesi60da8ccf340ba', 'resp60da8ccf340fe', 'quiz60851c8c95061'),
('koment61025385edf56', 'pelayanan sudah baik, agar di tingkatkan supaya lebih baik lagi', '2021-07-29', 'sesi61025385eded2', 'resp61025385edf15', 'quiz60851c8c95061'),
('koment610254298df51', 'lanjut', '2021-07-29', 'sesi610254298dece', 'resp610254298df12', 'quiz60851c8c95061'),
('koment610254c0edfbe', 'Tingkatkan mutu pelayanan', '2021-07-29', 'sesi610254c0edf3a', 'resp610254c0edf7e', 'quiz60851c8c95061'),
('koment61025814c60f9', '', '2021-07-29', 'sesi61025814c6077', 'resp61025814c60b9', 'quiz60851c8c95061'),
('koment6103a1d5049cc', 'Untuk tidak korupsi di mulai dari pemimpinnya dulu. Sebaik apapun peraturan kalau pemimpinnya korupsi maka bawahannya juga akan ikut korupsi', '2021-07-30', 'sesi6103a1d50493e', 'resp6103a1d504983', 'quiz60851c8c95061'),
('koment6103a3b11bc56', 'Untuk tidak korupsi di mulai dari pemimpinnya dulu. Sebaik apapun peraturan kalau pemimpinnya korupsi maka bawahannya juga akan ikut korupsi.', '2021-07-30', 'sesi6103a3b11bbe3', 'resp6103a3b11bc1d', 'quiz60851c8c95061'),
('koment6107dd110149d', 'Hasil uji sample mhn dipercepat', '2021-08-02', 'sesi6107dd1101417', 'resp6107dd110145c', 'quiz60851c8c95061'),
('koment610b1b0a118a3', 'Informasi2 dan pelayanan sudah bagus, mohon dipertahankan', '2021-08-04', 'sesi610b1b0a11820', 'resp610b1b0a11864', 'quiz60851c8c95061'),
('koment6135b3f47bf97', '', '2021-09-06', 'sesi6135b3f47bf11', 'resp6135b3f47bf54', 'quiz60851c8c95061'),
('koment614d26db0e183', 'Petugas Pelayanan profesional.\r\n', '2021-09-24', 'sesi614d26db0e0f5', 'resp614d26db0e13a', 'quiz60851c8c95061');

-- --------------------------------------------------------

--
-- Table structure for table `pertanyaan`
--

CREATE TABLE `pertanyaan` (
  `idPertanyaan` varchar(255) NOT NULL,
  `namaPertanyaan` varchar(255) NOT NULL,
  `jenisPertanyaan` varchar(255) NOT NULL,
  `dateCreate` date NOT NULL
) ENGINE=InnoDB DEFAULT CHARSET=utf8mb4 ROW_FORMAT=DYNAMIC;

--
-- Dumping data for table `pertanyaan`
--

INSERT INTO `pertanyaan` (`idPertanyaan`, `namaPertanyaan`, `jenisPertanyaan`, `dateCreate`) VALUES
('1', 'Prosedur pelayanan yang ditetapkan sudah memadai dan tidak berpotensi menimbulkan korupsi, kolusi, dan nepotisme (KKN)', 'pilihan', '0000-00-00'),
('2', 'Petugas pelayanan tidak memberikan pelayanan di luar prosedur yang telah ditetapkan dengan imbalan uang/barang', 'pilihan', '0000-00-00'),
('3', 'Tidak terdapat praktik percaloan/perantara yang tidak resmi', 'pilihan', '0000-00-00'),
('4', 'Petugas pelayanan tidak diskriminatif', 'pilihan', '0000-00-00'),
('5', 'Tidak terdapat pungutan liar', 'pilihan', '0000-00-00'),
('6', 'Petugas pelayanan tidak meminta/menuntut imbalan uang/barang terkait pelayanan yang diberikan', 'pilihan', '0000-00-00'),
('7', 'Petugas pelayanan menolak pemberian uang/barang terkait pelayanan yang diberikan', 'pilihan', '0000-00-00'),
('8', 'Tidak ada diskriminasi dalam penanganan pengaduan', 'pilihan', '0000-00-00'),
('9', 'Produk/jasa layanan yang diterima sesuai dengan daftar produk/jasa layanan yang tersedia', 'pilihan', '0000-00-00'),
('quiz60851c8c95061', 'Komentar dan saran', 'essai', '2021-04-25');

-- --------------------------------------------------------

--
-- Table structure for table `responden`
--

CREATE TABLE `responden` (
  `idResponden` varchar(255) NOT NULL,
  `namaResponden` varchar(255) NOT NULL,
  `profesiResponden` varchar(255) DEFAULT NULL,
  `phoneResponden` varchar(255) NOT NULL,
  `emailResponden` varchar(255) NOT NULL,
  `perusahaanResponden` varchar(255) DEFAULT NULL,
  `dateCreate` date NOT NULL
) ENGINE=InnoDB DEFAULT CHARSET=utf8mb4;

--
-- Dumping data for table `responden`
--

INSERT INTO `responden` (`idResponden`, `namaResponden`, `profesiResponden`, `phoneResponden`, `emailResponden`, `perusahaanResponden`, `dateCreate`) VALUES
('resp60752651708d6', 'INDO PORCELAIN', '', '', '', 'INDO PORCELAIN', '2021-04-13'),
('resp6075265345b2f', 'JUI SHIN', '', '', '', 'JUI SHIN', '2021-04-13'),
('resp607526ea772e7', 'PT Arwana Nuansakeramik', '', '', '', 'PT Arwana Nuansakeramik', '2021-04-13'),
('resp6075278342582', 'PT Rosy Ceramindo', '', '', '', 'PT Rosy Ceramindo', '2021-04-13'),
('resp607528e61cd38', 'PT Doulton', '', '', '', 'PT Doulton', '2021-04-13'),
('resp60753531cfa9e', 'PT Sumbertaman Keramika Industri', '', '', '', 'PT Sumbertaman Keramika Industri', '2021-04-13'),
('resp607537a2ddd8f', 'PT Mulia Keramik Indah Raya', '', '', '', 'PT Mulia Keramik Indah Raya', '2021-04-13'),
('resp607538a8501f7', 'PT Concord Industry', '', '', '', 'PT Concord Industry', '2021-04-13'),
('resp60753a36036cb', 'PT Dharma Perkasa Gemilang', '', '', '', 'PT Dharma Perkasa Gemilang', '2021-04-13'),
('resp60753a60b738a', 'PT American Standard', '', '', '', 'PT American Standard', '2021-04-13'),
('resp60753ba923f7a', 'PT Lantai Emas Kemenangan Jaya', '', '', '', 'PT Lantai Emas Kemenangan Jaya', '2021-04-13'),
('resp60754b5dd1fc1', 'PT Techpack Asia', '', '', '', 'PT Techpack Asia', '2021-04-13'),
('resp60754c875f425', 'PT Berkat Artisan Indonesia', '', '', '', 'PT Berkat Artisan Indonesia', '2021-04-13'),
('resp60755145655e6', 'PT Cosmetic Mirror Indonesia', '', '', '', 'PT Cosmetic Mirror Indonesia', '2021-04-13'),
('resp6076464ac5391', 'PT Multi Arthamas Glass Industry', '', '', '', 'PT Multi Arthamas Glass Industry', '2021-04-14'),
('resp60764e1cd26c6', 'PT Kobin Keramik Industri', '', '', '', 'PT Kobin Keramik Industri', '2021-04-14'),
('resp60764e1ed8e6e', 'PT Kobin Keramik Industri', '', '', '', 'PT Kobin Keramik Industri', '2021-04-14'),
('resp6076542a13ef8', 'PT Sango Ceramic Indonesia', '', '', '', 'PT Sango Ceramic Indonesia', '2021-04-14'),
('resp60767ac40f9e4', 'PT Himalaya Sinar Abadi', '', '', '', 'PT Himalaya Sinar Abadi', '2021-04-14'),
('resp6076a1e87f6c6', 'PT Dekorindo Mandiri', '', '', '', 'PT Dekorindo Mandiri', '2021-04-14'),
('resp6076a3561989d', 'PT Sun Power Ceramic Indonesia', '', '', '', 'PT Sun Power Ceramic Indonesia', '2021-04-14'),
('resp6076b386d15bd', 'PT Surya Pertiwi Nusantara', '', '', '', 'PT Surya Pertiwi Nusantara', '2021-04-14'),
('resp6077a2d664ab7', 'PT Gemilang Mitra Sejahtera', '', '', '', 'PT Gemilang Mitra Sejahtera', '2021-04-15'),
('resp6077b98ba488d', 'PT Kaibon Indah', '', '', '', 'PT Kaibon Indah', '2021-04-15'),
('resp60792bf75c9cf', 'PT Lucky Indah Keramik', '', '', '', 'PT Lucky Indah Keramik', '2021-04-16'),
('resp607a475de563e', 'PT Bintang Mas Glassolution', '', '', '', 'PT Bintang Mas Glassolution', '2021-04-17'),
('resp607cf04d14a2b', 'PT Muliaglass Container Division', '', '', '', 'PT Muliaglass Container Division', '2021-04-19'),
('resp607d56b90f93c', 'PT Sandimas Katusa Keramika Industries', '', '', '', 'PT Sandimas Katusa Keramika Industries', '2021-04-19'),
('resp607dbee68423c', 'PT Tamindo Permai Glass', '', '', '', 'PT Tamindo Permai Glass', '2021-04-19'),
('resp607e82a1645a1', 'PT YHC Keramika Indonesia', '', '', '', 'PT YHC Keramika Indonesia', '2021-04-20'),
('resp6080cb6f1f433', 'PT Mulia Keramik Indah Raya', '', '', '', 'PT Mulia Keramik Indah Raya', '2021-04-22'),
('resp60a1d7939886f', 'PT ANUGRAH SPECTRA GLASS', 'HEAD ADMIN', '', '', 'PT ANUGRAH SPECTRA GLASS', '2021-05-17'),
('resp60a7367c5a115', 'PT Satyaraya Keramindoindah', 'Purchasing manager', '', '', 'PT Satyaraya Keramindoindah', '2021-05-21'),
('resp60d04c943aa82', 'Hadi Santoso', 'Assistant to GM', '08123525456', 'hadi@lyman.co.id', 'PT.Roman Ceramic International', '2021-06-21'),
('resp60d04e996dafc', 'HASNAH', 'Personalia', '087871701200', 'hasnah_ktb@yahoo.com', 'PT.ROSY CERAMINDO', '2021-06-21'),
('resp60d04f3ac3f35', 'Tri Hariyanto', 'Kepala QA', '087832246676', 'hariyanto.2810@gmail.com', 'PT Dhenara Prima Mandiri', '2021-06-21'),
('resp60d13a4246556', 'Tedi Pamungkas', 'Staff', '085218333661', 'laborat@zenhankook.id', 'PT Hankook Ceramic Indonesia', '2021-06-22'),
('resp60d1499c075c7', 'ANANDA NURMALASARI', 'Legal Manager', '08121403228', 'ananda_nurmalasari@sandimasgroup.com', 'Sandimas Group', '2021-06-22'),
('resp60d164e197448', 'Sari Utami', 'Staff', '089618885047', 'sari.utami@nirogroup.com', 'PT. Niro Ceramic Nasional Indonesia', '2021-06-22'),
('resp60d1a8b8c1941', 'Stephanus wibowo', 'Asisten manager DEA', '08175255992', 'stephanus.wibowo@titaniumgranite.com', 'PT Surya Multi Cemerlang', '2021-06-22'),
('resp60d3daf98be86', 'Lina Dwi Astuti', 'Accounting & Pembelian', '083867419948', 'linadwi.lda@gmail.com', 'PT. Kuang Lin Ceramic Industry', '2021-06-24'),
('resp60d8fbcc508f4', 'Ni Luh Ari Tisnawulan', 'Asisten Mgr Lab dan MR', '0811982805', 'tisnawulan@gmail.com', 'PT. Saranagriya Lestari Keramik', '2021-06-27'),
('resp60d99d07a2ce2', 'YUNITA ARVIANTI', 'Staff Audit Internal', '081290286366', 'yunitaarviantid4@gmail.com', 'PT. SEMESTA KERAMIKA RAYA', '2021-06-28'),
('resp60da8ccf340fe', 'Eka Prasetia, ST', 'Purcahsing Manager', '08161141531', 'eka.prasetia@lyman.co.id', 'PT Satyaraya Keramindoindah', '2021-06-29'),
('resp61025385edf15', 'MIRA ANGGRAENI', 'Sekretaris', '081316695654', 'mira20amb@gmail.com', 'PT. Artha Mulia Beton', '2021-07-29'),
('resp610254298df12', 'Niko H S', 'MR', '081288673280', 'niko.herbert@rbg.co.id', 'PT. Royalboard Banguninti Granito', '2021-07-29'),
('resp610254c0edf7e', 'Astri Lestari', 'QC Dept Head', '081805880168', 'lestariastri@ymail.com', 'PT. Matahari Silverindo Jaya', '2021-07-29'),
('resp61025814c60b9', 'Yashir Denhas', 'Engineering Junior Specialist', '081263383858', 'yashir.denhas@antam.com', 'PT. Antam, Tbk - UBPE Pongkor', '2021-07-29'),
('resp6103a1d504983', 'Mas Fuat', 'Direktur', '081615037211', 'ptmakmursehati@gmail.com', 'Pt. Makmur Sehati', '2021-07-30'),
('resp6103a3b11bc1d', 'MAS FUAT', 'DIREKTUR', '081615037211', 'ptmakmursehati@gmail.com', 'PT. MAKMUR SEHATI', '2021-07-30'),
('resp6107dd110145c', 'Kasrin', 'QA Mgr', '085973195582', 'kasrinwagimin@picasso-tile.com', 'PT. CJFI', '2021-08-02'),
('resp610b1b0a11864', 'Kurnia Cutiman', 'Advisor', '082297195773', 'kurnia.c@toto.co.id', 'PT Surya Toto Indonesia Tbk.', '2021-08-04'),
('resp6135b3f47bf54', 'Agus', 'MR SNI', '081578402190', 'agus@sango.com', 'PT. Inax International', '2021-09-06'),
('resp614d26db0e13a', 'Dais. Nurhayati', 'Spv. QC', '082254598882PPT', 'dais_iso@narumi.co.id', 'PT. Narumi Indonesiaj', '2021-09-24');

-- --------------------------------------------------------

--
-- Table structure for table `users`
--

CREATE TABLE `users` (
  `idUsers` varchar(255) NOT NULL,
  `usernameUsers` varchar(255) NOT NULL,
  `passwordUsers` varchar(255) NOT NULL,
  `statusUsers` int(11) NOT NULL,
  `dateCreate` date NOT NULL
) ENGINE=InnoDB DEFAULT CHARSET=utf8mb4 ROW_FORMAT=DYNAMIC;

--
-- Dumping data for table `users`
--

INSERT INTO `users` (`idUsers`, `usernameUsers`, `passwordUsers`, `statusUsers`, `dateCreate`) VALUES
('users60825c2d913e1', 'admin', '$2y$10$uVsq0NUG6oM/G8VXQRC2NOAZ8sNA9WawlS/tzLwmQzWgcWvvVm.gu', 0, '2021-04-23');

--
-- Indexes for dumped tables
--

--
-- Indexes for table `pertanyaan`
--
ALTER TABLE `pertanyaan`
  ADD PRIMARY KEY (`idPertanyaan`) USING BTREE;
COMMIT;

/*!40101 SET CHARACTER_SET_CLIENT=@OLD_CHARACTER_SET_CLIENT */;
/*!40101 SET CHARACTER_SET_RESULTS=@OLD_CHARACTER_SET_RESULTS */;
/*!40101 SET COLLATION_CONNECTION=@OLD_COLLATION_CONNECTION */;
